City,State_Province,Country,Player_Count,Latitude,Longitude
Abbotsford,British Columbia,Canada,5,49.0504377,-122.3044697
Aberdeen,Saskatchewan,Canada,1,52.3261036,-106.2914913
Aberdeen,Scotland,Scotland,1,57.1498891,-2.0937528
Abington,Massachusetts,USA,1,42.1048228,-70.9453218
Airdrie,Alberta,Canada,2,51.29269679999999,-114.0134113
Airmont,New York,USA,1,41.1009293,-74.1162544
Ajax,Ontario,Canada,2,43.8611288,-79.0259267
Albert Lea,Minnesota,USA,1,43.6478006,-93.3686555
Alexandria,Minnesota,USA,1,45.8848164,-95.3776663
Alexandria,Virginia,USA,1,38.804693,-77.0435257
Algonquin,Illinois,USA,1,42.1655801,-88.29424929999999
Aliso Viejo,California,USA,1,33.5684605,-117.7262981
Allen,Texas,USA,1,33.1031744,-96.67055030000002
Allendale,Michigan,USA,1,42.97219339999999,-85.9540407
Almonte,Ontario,Canada,1,45.22556549999999,-76.19405979999999
Alpharetta,Georgia,USA,2,34.0746204,-84.29228619999999
Anaheim,California,USA,1,33.8365932,-117.9143012
Ancaster,Ontario,Canada,2,43.2177791,-79.98728349999999
Anchorage,Alaska,USA,9,61.2175758,-149.8996785
Andover,Massachusetts,USA,1,42.6627301,-71.1446897
Andover,Minnesota,USA,7,45.2332984,-93.29134049999999
Andover,New Hampshire,USA,1,43.43701979999999,-71.8234138
Angelholm,Sweden,Sweden,1,56.245748,12.863881
Annapolis,Maryland,USA,2,38.9764364,-76.489642
Apple Valley,Minnesota,USA,5,44.7319094,-93.21772000000001
Appleton,Wisconsin,USA,1,44.2622712,-88.40710469999999
Arcola,Saskatchewan,Canada,1,49.6390657,-102.4925359
Arlington,Massachusetts,USA,4,42.4153925,-71.1564729
Arlington Heights,Illinois,USA,1,42.0883603,-87.98062650000001
Armonk,New York,USA,1,41.1264849,-73.71401949999999
Arnprior,Ontario,Canada,1,45.4347445,-76.3518469
Ashburn,Virginia,USA,1,39.0437567,-77.4874416
Ashburnham,Massachusetts,USA,1,42.635545,-71.90973939999999
Auburn,New Hampshire,USA,1,43.0045288,-71.348398
Aurora,Illinois,USA,1,41.7605849,-88.32007150000001
Aurora,Ontario,Canada,2,44.00648,-79.450396
Avon,Connecticut,USA,1,41.8096201,-72.8305154
Avon,New Jersey,USA,1,40.1926842,-74.0215746
Baie d'Urfée,Quebec,Canada,1,45.4147368,-73.91630339999999
Baldwin Park,California,USA,1,34.0852868,-117.9608978
Balgonie,Saskatchewan,Canada,2,50.4921223,-104.2687767
Banska Stiavnica,Slovakia,Slovakia,1,48.44920159999999,18.9070093
Bardejov,Slovakia,Slovakia,1,49.2945857,21.2754012
Barrhead,Alberta,Canada,1,54.1229824,-114.4017497
Barrie,Ontario,Canada,1,44.38935559999999,-79.6903316
Basking Ridge,New Jersey,USA,1,40.7066174,-74.5493284
Batavia,Illinois,USA,1,41.8500284,-88.3125738
Bath,Ontario,Canada,1,44.1840483,-76.771219
Battle Creek,Michigan,USA,2,42.3211522,-85.17971419999999
Bayville,New York,USA,1,40.9106541,-73.56206890000001
Beach Park,Illinois,USA,1,42.4222435,-87.85729549999999
Beaconsfield,Quebec,Canada,2,45.4309308,-73.86828349999999
Beaumont,Alberta,Canada,2,53.3521108,-113.415127
Bedford,Nova Scotia,Canada,1,44.7233504,-63.6899963
Belleville,Ontario,Canada,3,44.1627589,-77.3832315
Bellinzona,Switzerland,Switzerland,1,46.1946216,9.0244124
Bellows Falls,Vermont,USA,1,43.133411,-72.44397719999999
Belmont,Massachusetts,USA,1,42.3956405,-71.1776114
Bethesda,Maryland,USA,3,38.9848328,-77.09431719999999
Bethune,Saskatchewan,Canada,1,50.7101179,-105.2054492
Beverly,Massachusetts,USA,1,42.5584283,-70.880049
Birmingham,Michigan,USA,2,42.5467012,-83.21131919999999
Bismarck,North Dakota,USA,2,46.8041643,-100.7877616
Blackfalds,Alberta,Canada,2,52.381198,-113.7953731
Blackwood,New Jersey,USA,1,39.8023363,-75.0640602
Blaine,Minnesota,USA,4,45.1607987,-93.23494889999999
Blainville,Quebec,Canada,2,45.6688961,-73.8728751
Blauvelt,New York,USA,1,41.0634299,-73.95763780000001
Bloomfield,Michigan,USA,1,42.5813327,-83.28117689999999
Bloomfield Hills,Michigan,USA,2,42.583645,-83.24548829999999
Bloomington,Indiana,USA,1,39.169574,-86.5385549
Bloomington,Minnesota,USA,3,44.840798,-93.2982799
Bobcaygeon,Ontario,Canada,1,44.5404573,-78.5463692
Boischâtel,Quebec,Canada,1,46.896612,-71.13541300000001
Bonnyville,Alberta,Canada,2,54.2679661,-110.7397826
Boston,Massachusetts,USA,5,42.3555076,-71.0565364
Boulder,Colorado,USA,2,40.0189728,-105.2747406
Bourget,Ontario,Canada,1,45.4349399,-75.1580312
Bovey,Minnesota,USA,1,47.2955444,-93.4159162
Bow,New Hampshire,USA,1,43.1320263,-71.54923769999999
Bowie,Maryland,USA,1,39.0067768,-76.77913649999999
Bowling Green,Ohio,USA,1,41.3747744,-83.6513229
Bozeman,Montana,USA,1,45.67931189999999,-111.037259
Braeside,Ontario,Canada,1,45.4658182,-76.4069648
Brainerd,Minnesota,USA,2,46.3526733,-94.2020084
Brampton,Ontario,Canada,1,43.7315479,-79.7624177
Brandon,Florida,USA,1,27.9378178,-82.2611045
Brandon,Manitoba,Canada,3,49.8437486,-99.95148069999999
Brantford,Ontario,Canada,2,43.1394191,-80.263623
Brasher Falls,New York,USA,1,44.807648,-74.7743057
Bratislava,Slovakia,Slovakia,5,48.1477745,17.1071553
Brentwood,New Hampshire,USA,1,42.9780248,-71.0735503
Brentwood,Tennessee,USA,1,36.0331164,-86.78277720000001
Bridgewater,Massachusetts,USA,1,41.99024199999999,-70.9754708
Bridgewater,New Jersey,USA,1,40.5929855,-74.6263783
Bridgewater,Nova Scotia,Canada,1,44.3795966,-64.5213299
Brighton,Michigan,USA,1,42.5294773,-83.7802214
Brno,Czech Republic,Czech Republic,1,49.1950602,16.6068371
Brookfield,Connecticut,USA,1,41.4660052,-73.3877826
Brooklin,Ontario,Canada,1,43.9631607,-78.9571069
Brookline,Massachusetts,USA,1,42.33176419999999,-71.1211635
Brooklyn,New York,USA,2,40.6781784,-73.9441579
Brunico,Italy,Italy,1,46.7965374,11.9381326
Buffalo,New York,USA,7,42.88690039999999,-78.8788896
Burlington,Massachusetts,USA,1,42.5047161,-71.1956205
Burlington,Ontario,Canada,5,43.3255196,-79.7990319
Burlington,Vermont,USA,3,44.4758825,-73.21207199999999
Burnaby,British Columbia,Canada,3,49.2488091,-122.9805104
Burnsville,Minnesota,USA,1,44.7677424,-93.27772259999999
Byron,Minnesota,USA,1,44.0327417,-92.6454624
Calabasas,California,USA,3,34.1539731,-118.6473801
Calgary,Alberta,Canada,48,51.04473309999999,-114.0718831
Calumet,Michigan,USA,1,47.2500752,-88.4538271
Cambridge,Massachusetts,USA,1,42.3666036,-71.1056916
Cambridge,Ontario,Canada,3,43.3616211,-80.3144276
Campbellville,Ontario,Canada,1,43.4881366,-79.9838061
Camrose,Alberta,Canada,2,53.0173444,-112.8251176
Candiac,Quebec,Canada,1,45.3806689,-73.5077689
Canmore,Alberta,Canada,2,51.08836660000001,-115.3479101
Canonsburg,Pennsylvania,USA,1,40.2625702,-80.18727969999999
Canton,Michigan,USA,1,42.307458,-83.4871494
Canton,New York,USA,1,44.5956163,-75.1690942
Carbondale,Colorado,USA,1,39.4022054,-107.2111628
Carmel,Indiana,USA,1,39.978371,-86.1180435
Castle Pines,Colorado,USA,1,39.4716139,-104.8947682
Castle Rock,Colorado,USA,1,39.3722121,-104.8560902
Cedarburg,Wisconsin,USA,1,43.2966716,-87.9875898
Centennial,Colorado,USA,3,39.5807452,-104.8771726
Center Moriches,New York,USA,1,40.8003767,-72.7898233
Centerville,Minnesota,USA,1,45.16302230000001,-93.0557757
Chambly,Quebec,Canada,1,45.4409293,-73.3015764
Champlin Park,Minnesota,USA,1,45.1888539,-93.39745370000001
Chanhassen,Minnesota,USA,1,44.86196450000001,-93.53231029999999
Charleston,South Carolina,USA,1,32.7833163,-79.9319664
Charlottetown,Prince Edward Island,Canada,1,46.23824,-63.13107040000001
Chaska,Minnesota,USA,5,44.7893446,-93.60183889999999
Chatham,Ontario,Canada,1,42.4048018,-82.1910376
Chelsea,Quebec,Canada,1,45.50376379999999,-75.7952731
Chelyabinsk,Russia,Russia,1,55.1644419,61.4368431
Chesterfield,Missouri,USA,3,38.6631083,-90.5770675
Chestermere,Alberta,Canada,1,51.0380334,-113.8424298
Chetwynd,British Columbia,Canada,1,55.6976802,-121.6296734
Cheyenne,Wyoming,USA,1,41.1347435,-104.8211901
Chicago,Illinois,USA,11,41.88325,-87.6323879
Chilliwack,British Columbia,Canada,1,49.1579401,-121.9514666
Châteauguay,Quebec,Canada,1,45.36015889999999,-73.74940330000001
Claremont,California,USA,1,34.0966764,-117.7197785
Clarence Center,New York,USA,2,43.0106139,-78.6375283
Clarkston,Michigan,USA,1,42.7351196,-83.4192941
Clavet,Saskatchewan,Canada,1,51.99633670000001,-106.3772733
Cleveland,Ohio,USA,2,41.49932,-81.6943605
Clifton,New Jersey,USA,1,40.8654493,-74.1610268
Clifton Park,New York,USA,1,42.844668,-73.8183804
Cloverdale,British Columbia,Canada,2,49.1115339,-122.7349425
Clyde,Michigan,USA,1,43.004619,-82.55302429999999
Cochrane,Alberta,Canada,3,51.1917439,-114.4667528
Cohasset,Minnesota,USA,1,47.2640071,-93.6221657
Collegeville,Pennsylvania,USA,1,40.1856597,-75.451571
Colleyville,Texas,USA,1,32.8809603,-97.155012
Colorado Springs,Colorado,USA,1,38.8353142,-104.8216009
Columbus,Ohio,USA,4,39.9625112,-83.0032218
Commerce Township,Michigan,USA,1,42.5695563,-83.4794976
Compton,California,USA,1,33.8959097,-118.2243901
Concord,Massachusetts,USA,1,42.4603719,-71.3489484
Concord,New Hampshire,USA,1,43.20622059999999,-71.5398156
Coquitlam,British Columbia,Canada,3,49.2837626,-122.7932065
Cornwall,Ontario,Canada,1,45.0212762,-74.730345
Cottage Grove,Minnesota,USA,2,44.8277446,-92.9438218
Courtenay,British Columbia,Canada,1,49.6841391,-124.9904493
Courtice,Ontario,Canada,1,43.9109352,-78.7884468
Cranberry Township,Pennsylvania,USA,1,40.6989127,-80.1087742
Crystal,Minnesota,USA,1,45.0327425,-93.3602286
Crystal Lake,Illinois,USA,2,42.2411344,-88.31619649999999
Culver,Indiana,USA,1,41.22242,-86.41300299999999
Cumberland,Maine,USA,1,43.7964669,-70.2584731
Cumming,Georgia,USA,1,34.2073196,-84.14019259999999
Cypress,California,USA,1,33.8169366,-118.0368507
Dakota Dunes,South Dakota,USA,1,42.4874948,-96.48642
Dallas,Texas,USA,3,32.7766642,-96.79698789999999
Darien,Connecticut,USA,3,41.0771914,-73.4686858
Dayton,Minnesota,USA,1,45.243854,-93.5149576
Dayton,Ohio,USA,1,39.7592225,-84.1936144
Decker,Manitoba,Canada,1,50.269913,-100.782076
Dedham,Massachusetts,USA,1,42.2436085,-71.1676536
Deerfield,Massachusetts,USA,1,42.5445588,-72.6056435
Delisle,Saskatchewan,Canada,1,51.9237702,-107.1348358
Delta,British Columbia,Canada,1,49.09521549999999,-123.0264759
Denver,Colorado,USA,3,39.7392358,-104.990251
Des Moines,Iowa,USA,2,41.5896139,-93.61639629999999
Detroit,Michigan,USA,5,42.32971819999999,-83.0424533
Detroit Lakes,Minnesota,USA,1,46.8171808,-95.8453253
Detva,Slovakia,Slovakia,1,48.5587115,19.4183349
Deux-Montagnes,Quebec,Canada,1,45.5412324,-73.9012071
Dollard-des-Ormeaux,Quebec,Canada,1,45.4895636,-73.8205567
Dolne Kockovce,Slovakia,Slovakia,1,49.0943992,18.3249379
Dosquet,Quebec,Canada,1,46.4670815,-71.5289609
Dover,Massachusetts,USA,1,42.2458135,-71.27956379999999
Doylestown,Pennsylvania,USA,2,40.3101063,-75.1298939
Drummondville,Quebec,Canada,2,45.8811739,-72.4847355
Dubuque,Iowa,USA,2,42.5063629,-90.6677479
Duluth,Georgia,USA,1,34.0028786,-84.1446376
Duluth,Minnesota,USA,2,46.7844571,-92.1055411
Duncan,British Columbia,Canada,3,48.7786908,-123.7079416
Dundas,Ontario,Canada,2,43.26650890000001,-79.9568685
Duxbury,Massachusetts,USA,1,42.0393842,-70.67170279999999
Eagan,Minnesota,USA,1,44.8041322,-93.1668858
Eagle,Idaho,USA,1,43.6954424,-116.3540138
Eagle Lake,Ontario,Canada,1,45.133333,-78.516667
Eagle River,Alaska,USA,2,61.3293186,-149.5680499
East Amherst,New York,USA,2,43.0183126,-78.69698310000001
East Aurora,New York,USA,1,42.7678376,-78.6133589
East Falmouth,Massachusetts,USA,1,41.5784425,-70.55864009999999
East Grand Forks,Minnesota,USA,1,47.9311871,-97.00934699999999
East Greenbush,New York,USA,2,42.6068049,-73.68893779999999
East Greenwich,Rhode Island,USA,1,41.6342619,-71.51304449999999
East Northport,New York,USA,1,40.8767647,-73.3245613
East Wenatchee,Washington,USA,1,47.41568239999999,-120.2931263
Easthampton Township,New Jersey,USA,1,40.0054683,-74.7648987
Easton,Massachusetts,USA,1,42.0245442,-71.1286594
Eau Claire,Wisconsin,USA,1,44.811349,-91.4984941
Edberg,Alberta,Canada,1,52.7862008,-112.7858605
Eden Prairie,Minnesota,USA,5,44.8546856,-93.47078599999999
Edina,Minnesota,USA,9,44.8896866,-93.3499489
Edmonton,Alberta,Canada,14,53.5461663,-113.4937355
Ekerö,Sweden,Sweden,1,59.2798338,17.7902246
El Cerrito,California,USA,1,37.9161326,-122.310765
Elk River,Minnesota,USA,1,45.303218,-93.5547381
Elko,Minnesota,USA,2,44.5610022,-93.31622949999999
Ellicott City,Maryland,USA,1,39.2673283,-76.7983067
Elmhurst,Illinois,USA,1,41.903451,-87.9397972
Elmira,Ontario,Canada,1,43.60040739999999,-80.5629846
Elora,Ontario,Canada,2,43.683715,-80.43054269999999
Ely,Minnesota,USA,1,47.9032372,-91.8670873
Enebyberg,Sweden,Sweden,1,59.43248120000001,18.0391085
Enfield,Nova Scotia,Canada,1,44.9246382,-63.53804280000001
Ennismore,Ontario,Canada,1,44.409828,-78.431888
Espoo,Finland,Finland,7,60.2054911,24.6559001
Estevan,Saskatchewan,Canada,1,49.1390842,-102.9914807
Eveleth,Minnesota,USA,1,47.46242789999999,-92.5399063
Everett,Washington,USA,1,47.9782457,-122.207417
Evergreen,Colorado,USA,1,39.634584,-105.3155562
Excelsior,Minnesota,USA,2,44.9032963,-93.5663455
Fairbanks,Alaska,USA,4,64.8400511,-147.7199756
Fairfield,California,USA,1,38.2491956,-122.0405151
Fairfield,Connecticut,USA,2,41.1408363,-73.2612615
Fairmont,Minnesota,USA,1,43.65217750000001,-94.46108319999999
Fairport,New York,USA,1,43.0986742,-77.44193779999999
Fallston,Maryland,USA,1,39.5145515,-76.41107319999999
Falmouth,Maine,USA,1,43.7435343,-70.2601759
Far Hills,New Jersey,USA,2,40.6832668,-74.6369793
Fargo,North Dakota,USA,4,46.8771863,-96.7898034
Faribault,Minnesota,USA,1,44.2949636,-93.268827
Farmington,Connecticut,USA,1,41.7360305,-72.79502699999999
Farmington,Minnesota,USA,2,44.6402434,-93.1435497
Farmington Hills,Michigan,USA,1,42.4989936,-83.3677168
Fernie,British Columbia,Canada,1,49.50404520000001,-115.063065
Filipstad,Sweden,Sweden,1,59.7139973,14.1698445
Fishers,Indiana,USA,1,39.9582483,-86.016877
Flower Mound,Texas,USA,2,33.0145673,-97.0969552
Flushing,Michigan,USA,1,43.0630833,-83.8510732
Fort Erie,Ontario,Canada,1,42.90537,-78.9403359
Fort McMurray,Alberta,Canada,1,56.7266231,-111.3790095
Fort Myers,Florida,USA,2,26.6409247,-81.8605575
Fort Saskatchewan,Alberta,Canada,1,53.6962239,-113.2163654
Fort Wayne,Indiana,USA,1,41.0794759,-85.1362929
Fort Worth,Texas,USA,3,32.7554883,-97.3307658
Franklin,Michigan,USA,1,42.5222567,-83.30604319999999
Fredericton,New Brunswick,Canada,1,45.9635895,-66.6431151
Fredrikstad,Norway,Norway,1,59.22053689999999,10.9347012
Fresno,California,USA,1,36.7377981,-119.7871247
Frisco,Texas,USA,2,33.1496718,-96.835567
Furuberget,Norway,Norway,1,60.80977499999999,11.026457
Garden Grove,California,USA,1,33.7742692,-117.9379952
Gatineau,Quebec,Canada,1,45.4765446,-75.7012723
Geneva,Illinois,USA,1,41.8926437,-88.3287896
George Town,CYM,CYM,2,19.2965778,-81.3819158
Getzville,New York,USA,1,43.0159197,-78.7680702
Gibsonia,Pennsylvania,USA,1,40.6300567,-79.9703318
Gibsons,British Columbia,Canada,1,49.3974171,-123.5152222
Gilbert Plains,Manitoba,Canada,1,51.1483763,-100.4891591
Gilford,New Hampshire,USA,1,43.5774841,-71.40062610000001
Gill,Massachusetts,USA,1,42.6408105,-72.4996367
Girvan,United Kingdom,Great Britain,1,55.240164,-4.854217999999999
Gladstone,Manitoba,Canada,1,50.224998,-98.95076499999999
Glen Ellyn,Illinois,USA,1,41.8775293,-88.0670118
Glencoe,Illinois,USA,2,42.1350268,-87.75811879999999
Glendale,California,USA,1,34.1463674,-118.2488703
Glenview,Illinois,USA,2,42.0778065,-87.8223368
Goffstown,New Hampshire,USA,1,43.0204052,-71.6002223
Gothenburg,Sweden,Sweden,2,57.70887,11.97456
Granby,Quebec,Canada,1,45.40322889999999,-72.7340662
Grand Forks,North Dakota,USA,8,47.9252568,-97.0328547
Grand Rapids,Michigan,USA,5,42.9704146,-85.6721946
Grand Rapids,Minnesota,USA,6,47.2369615,-93.52832749999999
Granite Springs,New York,USA,2,41.3103717,-73.75735499999999
Grant,Minnesota,USA,1,45.084411,-92.91049079999999
Great Falls,Montana,USA,1,47.5052849,-111.3007715
Greely,Ontario,Canada,1,45.2593249,-75.56872609999999
Green Bay,Wisconsin,USA,4,44.5133188,-88.0132958
Greenwich,Connecticut,USA,4,41.0262417,-73.6281964
Grosse Ile,Michigan,USA,1,42.1303431,-83.1488389
Guelph,Ontario,Canada,1,43.5448048,-80.24816659999999
Guilford,Connecticut,USA,1,41.287943,-72.6839226
Gurnee,Illinois,USA,1,42.3702996,-87.90201859999999
Gyõr,Hungary,Hungary,1,47.6874569,17.6503974
Gävle,Sweden,Sweden,2,60.6748796,17.1412726
Göteborg,Sweden,Sweden,1,57.70887,11.97456
Hadley,Massachusetts,USA,1,42.3417565,-72.58842220000001
Halifax,Nova Scotia,Canada,5,44.8857087,-63.1005273
Hallock,Minnesota,USA,2,48.77442629999999,-96.94644699999999
Hallsberg,Sweden,Sweden,1,59.0665316,15.10229
Ham Lake,Minnesota,USA,3,45.2502429,-93.2499507
Hamar,Norway,Norway,1,60.7945331,11.0679977
Hamburg,New York,USA,2,42.7158927,-78.8294768
Hamilton,Massachusetts,USA,1,42.63620520000001,-70.8431049
Hamilton,Ontario,Canada,3,43.2557206,-79.8711024
Hancock,Michigan,USA,1,47.1268714,-88.5809563
Hanover,Massachusetts,USA,1,42.1162217,-70.8476708
Hanover,Minnesota,USA,1,45.155797,-93.6663523
Hanover,New Hampshire,USA,1,43.7022451,-72.2895526
Harrison Township,Michigan,USA,2,42.590583,-82.8269526
Hartland,Wisconsin,USA,1,43.1046143,-88.3475262
Hatfield,Pennsylvania,USA,1,40.27982739999999,-75.2993417
Hauppauge,New York,USA,3,40.8256536,-73.2026138
Headingley,Manitoba,Canada,1,49.87549449999999,-97.40870129999999
Heidelberg,Ontario,Canada,1,43.5204612,-80.61932379999999
Helsinki,Finland,Finland,6,60.16985569999999,24.938379
Hermantown,Minnesota,USA,5,46.8068852,-92.2382464
Hermitage,Tennessee,USA,1,36.1988486,-86.6197777
Hermosa Beach,California,USA,1,33.8622366,-118.3995194
Heron Lake,Minnesota,USA,1,43.7944036,-95.32249859999999
High River,Alberta,Canada,1,50.5767481,-113.8715613
Highland Park,Illinois,USA,3,42.1816918,-87.8003437
Hingham,Massachusetts,USA,4,42.2418426,-70.8897712
Hinsdale,Illinois,USA,2,41.8008642,-87.9370052
Holden,Massachusetts,USA,1,42.3517585,-71.8634062
Holland,Michigan,USA,1,42.7893867,-86.1089511
Holmdel,New Jersey,USA,1,40.3848944,-74.18900599999999
Homer Glen,Illinois,USA,1,41.6000317,-87.9381112
Hooksett,New Hampshire,USA,1,43.0463073,-71.4365043
Hopkinton,Massachusetts,USA,2,42.2284282,-71.52207589999999
Hortonville,Wisconsin,USA,3,44.334705,-88.63816150000001
Houghton,Michigan,USA,1,47.12113309999999,-88.5694182
Howell,Michigan,USA,5,42.6072552,-83.9293952
Howell,New Jersey,USA,1,40.1400291,-74.2251347
Hudson,Massachusetts,USA,2,42.3913641,-71.5697117
Hudson,Wisconsin,USA,2,44.9746896,-92.7568703
Hudson's Hope,British Columbia,Canada,1,56.0357172,-121.9038286
Hugo,Minnesota,USA,2,45.159964,-92.99334119999999
Hull,Massachusetts,USA,1,42.3020647,-70.9078346
Humboldt,Saskatchewan,Canada,2,52.2019792,-105.1228655
Humenne,Slovakia,Slovakia,1,48.932454,21.9078917
Huntington,New York,USA,1,40.8681539,-73.425676
Hyde Park,Massachusetts,USA,1,42.2556619,-71.1255855
Hässelby,Sweden,Sweden,1,56.8983561,16.7740995
Höganäs,Sweden,Sweden,1,56.2006388,12.5553288
Ilderton,Ontario,Canada,1,43.0792014,-81.3817835
Ingersoll,Ontario,Canada,1,43.03816279999999,-80.88404899999999
Inver Grove Heights,Minnesota,USA,1,44.8480218,-93.04271530000001
Irvine,California,USA,1,33.6845673,-117.8265049
Itasca,Illinois,USA,1,41.9750287,-88.0072909
Ithaca,New York,USA,1,42.4439614,-76.5018807
Jacksonville,Florida,USA,1,30.3297566,-81.6591529
Janesville,Wisconsin,USA,1,42.6821141,-89.0274934
Jericho,New York,USA,1,40.79204410000001,-73.5398476
Jesenice,Slovenia,Slovenia,1,46.4602537,13.9172237
Johnstown,Pennsylvania,USA,1,40.32674069999999,-78.9219698
Jyväskylä,Finland,Finland,1,62.2426034,25.7472567
Kaarina,Finland,Finland,1,60.4095081,22.3844244
Kalamazoo,Michigan,USA,1,42.2896532,-85.5856279
Kamloops,British Columbia,Canada,9,50.674522,-120.3272674
Kanata,Ontario,Canada,1,45.3088185,-75.89868349999999
Karlovy Vary,Czech Republic,Czech Republic,1,50.2318521,12.8719616
Karlstad,Sweden,Sweden,1,59.3783091,13.4967921
Kauniainen,Finland,Finland,1,60.21244790000001,24.7283695
Kensington,Connecticut,USA,1,41.6353769,-72.7687083
Kensington,Maryland,USA,2,39.0256651,-77.0763669
Kentville,Nova Scotia,Canada,1,45.0771182,-64.49428259999999
Kerrobert,Saskatchewan,Canada,1,51.9185447,-109.136794
Kimberley,British Columbia,Canada,1,49.6651567,-115.9967206
Kindersley,Saskatchewan,Canada,1,51.4675266,-109.1546825
King City,Ontario,Canada,3,43.9286902,-79.5281431
Kings Park,New York,USA,1,40.88620900000001,-73.2573369
Kingston,Ontario,Canada,1,44.2334401,-76.49302949999999
Kirkland,Quebec,Canada,3,45.4560415,-73.8623337
Kitchener,Ontario,Canada,1,43.4510934,-80.4925804
Klagenfurt,Austria,Austria,1,46.625704,14.3137371
Kleinburg,Ontario,Canada,2,43.8385021,-79.62354069999999
Kohler,Wisconsin,USA,1,43.7391616,-87.7817541
Kosice,Slovakia,Slovakia,1,48.7163857,21.2610746
Kuopio,Finland,Finland,2,62.8965859,27.6785574
Kyiv,Ukraine,Ukraine,2,50.4503596,30.5245025
L'Ancienne-Lorette,Quebec,Canada,1,46.8063093,-71.3570091
L'Île-Bizard,Quebec,Canada,2,45.4948893,-73.89075559999999
La Grange,Illinois,USA,1,41.8050314,-87.8692254
Labrador City,Newfoundland and Labrador,Canada,1,52.9383852,-66.9153137
Lake Elmo,Minnesota,USA,2,44.9957998,-92.8793768
Lake Forest,Illinois,USA,3,42.2586342,-87.840625
Lake View,New York,USA,2,42.71117,-78.9361468
Lakeville,Minnesota,USA,4,44.6496868,-93.24271999999999
Lancaster,Massachusetts,USA,1,42.4534026,-71.67345379999999
Lancaster,New York,USA,1,42.9006144,-78.6703062
Landmark,Manitoba,Canada,1,49.67167389999999,-96.82166699999999
Landskrona,Sweden,Sweden,1,55.8703477,12.8300802
Langley,British Columbia,Canada,7,49.1041779,-122.6603519
Lansing,New York,USA,1,42.4842392,-76.4799397
Laval,Quebec,Canada,1,45.6066487,-73.712409
LeRoy,Saskatchewan,Canada,1,52.00021169999999,-104.7385969
Leamington,Ontario,Canada,2,42.0530892,-82.59980019999999
Les Cèdres,Quebec,Canada,1,45.3095043,-74.05907789999999
Lethbridge,Alberta,Canada,5,49.6956181,-112.8451067
Lexington,Massachusetts,USA,1,42.4473497,-71.2271531
Libertyville,Illinois,USA,1,42.2830786,-87.9531303
Liepaja,Latvia,Latvia,2,56.5384577,21.0538204
Lincolnshire,Illinois,USA,1,42.1976016,-87.9317683
Linden,Michigan,USA,1,42.8144731,-83.7824526
Linkoping,Sweden,Sweden,1,58.41080700000001,15.6213727
Linköping,Sweden,Sweden,1,58.41080700000001,15.6213727
Littleton,Colorado,USA,1,39.613321,-105.0166498
Livingston,New Jersey,USA,2,40.782424,-74.315139
Livonia,Michigan,USA,5,42.36837,-83.35270969999999
Ljubljana,Slovakia,Slovakia,1,46.0569465,14.5057515
Lockport,New York,USA,2,43.1706128,-78.6903098
Locust Valley,New York,USA,1,40.8759324,-73.5970707
London,Ontario,Canada,6,42.9849233,-81.2452768
Long Grove,Illinois,USA,1,42.1783584,-87.99785179999999
Long Valley,New Jersey,USA,1,40.78593310000001,-74.7801645
Longmeadow,Massachusetts,USA,1,42.0501022,-72.5828642
Longueuil,Quebec,Canada,3,45.5135059,-73.4329187
Los Angeles,California,USA,2,34.0549076,-118.242643
Lugano,Switzerland,Switzerland,1,46.0036778,8.951051999999999
Lunenburg,Massachusetts,USA,1,42.5971299,-71.7416301
Lévis,Quebec,Canada,1,46.7582576,-71.2397151
Macklin,Saskatchewan,Canada,1,52.3332191,-109.9364258
Macomb,Michigan,USA,1,42.7009627,-82.9588953
Madison,New Jersey,USA,2,40.759562,-74.4163578
Madison,Wisconsin,USA,2,43.0721661,-89.4007501
Madison Heights,Michigan,USA,1,42.4858692,-83.1052028
Magadan,RUS,RUS,1,59.55943970000001,150.8127537
Mahopac,New York,USA,2,41.372316,-73.733465
Mahtomedi,Minnesota,USA,1,45.0696886,-92.95160369999999
Makhachkala,Russia,Russia,1,42.9777885,47.5146913
Manchester,New Hampshire,USA,1,42.9956397,-71.4547891
Manchester,Vermont,USA,1,43.1635393,-73.0720817
Manhattan,New York,USA,1,40.7685167,-73.98219379999999
Manhattan Beach,California,USA,7,33.8881489,-118.4092903
Mankato,Minnesota,USA,1,44.1661456,-94.0055647
Manotick,Ontario,Canada,1,45.2274934,-75.72293119999999
Maple Grove,Minnesota,USA,12,45.0724642,-93.4557877
Maplewood,Minnesota,USA,1,44.9530215,-92.9952153
Marathon,Ontario,Canada,1,48.716744,-86.3821956
Marcellus,New York,USA,1,42.9828438,-76.3404867
Marietta,Georgia,USA,1,33.9532531,-84.5499358
Marine City,Michigan,USA,1,42.7194778,-82.492132
Markham,Ontario,Canada,4,43.8599076,-79.3349945
Marlborough,Massachusetts,USA,2,42.3459271,-71.5522874
Marlton,New Jersey,USA,1,39.8912248,-74.9218324
Marquette,Michigan,USA,1,46.5436199,-87.3953713
Mars,Pennsylvania,USA,2,40.6958996,-80.0117254
Marshfield,Massachusetts,USA,1,42.0919178,-70.7102896
Martensville,Saskatchewan,Canada,3,52.29312119999999,-106.6578378
Martin,Slovakia,Slovakia,1,49.0616613,18.9190235
Marysville,Michigan,USA,2,42.9125305,-82.4868599
Maskinongé,Quebec,Canada,1,46.2555552,-72.9480023
Medicine Hat,Alberta,Canada,2,50.0290218,-110.7031976
Melfort,Saskatchewan,Canada,1,52.8608387,-104.6142973
Memphis,Tennessee,USA,2,35.1485812,-90.0518955
Mendota Heights,Minnesota,USA,3,44.8835768,-93.1382749
Mequon,Wisconsin,USA,1,43.2159232,-88.0314174
Mesa,Arizona,USA,1,33.4151843,-111.8314724
Metcalfe,Ontario,Canada,1,45.2340408,-75.4718279
Middlebury,Vermont,USA,1,44.0151433,-73.16695539999999
Middleton,Massachusetts,USA,2,42.59509389999999,-71.0161643
Middleton,Wisconsin,USA,1,43.09721740000001,-89.5042876
Middletown,New Jersey,USA,2,40.3937384,-74.1022772
Midhurst,Ontario,Canada,1,44.4471375,-79.7302158
Midland,Ontario,Canada,1,44.74951600000001,-79.89219229999999
Mill Bay,British Columbia,Canada,2,48.6505297,-123.5571899
Milton,Georgia,USA,1,34.0891899,-84.3428857
Milton,Massachusetts,USA,2,42.2495321,-71.0661653
Milwaukee,Wisconsin,USA,2,43.0410344,-87.9096783
Minneapolis,Minnesota,USA,6,44.977753,-93.2650108
Minnetonka,Minnesota,USA,6,44.937858,-93.4669177
Minnetrista,Minnesota,USA,1,44.938296,-93.7177406
Minot,North Dakota,USA,2,48.2329668,-101.2922906
Minsk,Belarus,Belarus,3,53.9006011,27.558972
Mirabel,Quebec,Canada,2,45.65189590000001,-74.09016960000001
Mission,British Columbia,Canada,1,49.1329272,-122.3261603
Mission Viejo,California,USA,3,33.5968913,-117.6581562
Mississauga,Ontario,Canada,15,43.5852972,-79.64498379999999
Mono,Ontario,Canada,1,43.9462956,-80.1042868
Monroe,Connecticut,USA,1,41.3325962,-73.2073358
Monroe,Michigan,USA,1,41.9164343,-83.3977101
Monroeville,Pennsylvania,USA,1,40.4211798,-79.7881024
Mont-Royal,Quebec,Canada,1,45.5141938,-73.6443176
Monticello,Minnesota,USA,1,45.3055201,-93.7941378
Montreal,Quebec,Canada,2,45.5018869,-73.56739189999999
Montréal,Quebec,Canada,14,45.5018869,-73.56739189999999
Montvale,New Jersey,USA,1,41.05960049999999,-74.05266759999999
Moorestown,New Jersey,USA,1,39.96353209999999,-74.95058019999999
Moorhead,Minnesota,USA,5,46.8737648,-96.76780389999999
Moose Jaw,Saskatchewan,Canada,1,50.3915811,-105.5348562
Mora,Sweden,Sweden,1,61.004878,14.537003
Morganville,New Jersey,USA,1,40.3828811,-74.2413102
Morristown,New Jersey,USA,1,40.7922983,-74.4763123
Morton Grove,Illinois,USA,1,42.0405852,-87.78256209999999
Moscow,Russia,Russia,1,55.7568721,37.6150527
Moskva,Russia,Russia,4,55.7568721,37.6150527
Mount Brydges,Ontario,Canada,1,42.9096845,-81.4958601
Mount Hope,Ontario,Canada,1,43.1548177,-79.91529369999999
Mount Laurel,New Jersey,USA,1,39.92415159999999,-74.94999659999999
Mundelein,Illinois,USA,1,42.263079,-88.00396529999999
Märsta,Sweden,Sweden,1,59.6196463,17.8555094
München,Germany,Germany,1,48.1351253,11.5819806
Nacka,Sweden,Sweden,1,59.30531999999999,18.2475
Nanaimo,British Columbia,Canada,3,49.1658836,-123.9400647
Naperville,Illinois,USA,4,41.7508391,-88.1535352
Nashville,Tennessee,USA,1,36.1626638,-86.7816016
Needham,Massachusetts,USA,1,42.2809285,-71.23775479999999
Nelson,British Columbia,Canada,2,49.4928119,-117.2948343
Nepean,Ontario,Canada,1,45.33490459999999,-75.7241006
New Canaan,Connecticut,USA,2,41.146763,-73.4948445
New Hartford,New York,USA,1,43.073403,-75.2876661
New Hope,Pennsylvania,USA,1,40.36427279999999,-74.9512785
New Lenox,Illinois,USA,1,41.5119761,-87.9656098
New Rochelle,New York,USA,1,40.9200244,-73.78627139999999
New Westminster,British Columbia,Canada,1,49.2057179,-122.910956
New York,New York,USA,4,40.7127753,-74.0059728
Newboro,Ontario,Canada,1,44.650287,-76.31973099999999
Newbury,Massachusetts,USA,1,42.7649497,-70.8714528
Newburyport,Massachusetts,USA,1,42.8125913,-70.87727509999999
Newmarket,Ontario,Canada,3,44.05918700000001,-79.46125599999999
Newport Beach,California,USA,3,33.6041944,-117.8738554
Newton,Massachusetts,USA,1,42.3370413,-71.20922139999999
Niskayuna,New York,USA,1,42.8056144,-73.87719009999999
Nisswa,Minnesota,USA,1,46.5205224,-94.2886089
Nitra,Slovakia,Slovakia,1,48.3061414,18.076376
Nobleton,Ontario,Canada,1,43.9021887,-79.6526997
Nominingue,Quebec,Canada,1,46.39059,-75.029563
Norfolk,Massachusetts,USA,2,42.1195426,-71.3250563
Norrtälje,Sweden,Sweden,1,59.7595841,18.7013584
North Andover,Massachusetts,USA,1,42.69870239999999,-71.1350575
North Attleborough,Massachusetts,USA,1,41.9828721,-71.3288956
North Barrington,Illinois,USA,1,42.207802,-88.1406349
North Battleford,Saskatchewan,Canada,1,52.7764752,-108.2974555
North Bay,Ontario,Canada,1,46.3091152,-79.4608204
North Branch,Minnesota,USA,1,45.5102135,-92.99310539999999
North Caldwell,New Jersey,USA,1,40.8690237,-74.2649196
North Kingstown,Rhode Island,USA,1,41.5662005,-71.46378469999999
North Reading,Massachusetts,USA,1,42.5750939,-71.0786653
North Tonawanda,New York,USA,1,43.038668,-78.8642033
North Vancouver,British Columbia,Canada,13,49.3199816,-123.0724139
Northbrook,Illinois,USA,4,42.1275267,-87.82895479999999
Northfield,Illinois,USA,1,42.09975,-87.7808967
Northport,New York,USA,1,40.9009313,-73.3431727
Northville,Michigan,USA,6,42.4311464,-83.4832692
Norwalk,Connecticut,USA,1,41.1138517,-73.4076534
Notre-Dame-de-l'Île-Perrot,Quebec,Canada,1,45.377973,-73.9303913
Nottingham,New Hampshire,USA,1,43.1145285,-71.099784
Oak Lake,Manitoba,Canada,1,49.7661914,-100.6308589
Oakbank,Manitoba,Canada,1,49.9380329,-96.8424423
Oakville,Ontario,Canada,12,43.467517,-79.6876659
Oceanside,New York,USA,1,40.6387141,-73.6401296
Odenton,Maryland,USA,1,39.0839981,-76.7002462
Okemos,Michigan,USA,1,42.722084,-84.42752139999999
Okotoks,Alberta,Canada,3,50.7255163,-113.9749127
Old Brookville,New York,USA,2,40.8320441,-73.6048493
Old Greenwich,Connecticut,USA,2,41.0232624,-73.5652049
Old Hickory,Tennessee,USA,1,36.2608419,-86.64777939999999
Old Tappan,New Jersey,USA,1,41.0141482,-73.98137009999999
Old Westbury,New York,USA,1,40.7887113,-73.5995717
Oldwick,New Jersey,USA,2,40.6726219,-74.7492287
Olomouc,Czech Republic,Czech Republic,1,49.593778,17.2508787
Omaha,Nebraska,USA,1,41.2565369,-95.9345034
Orange,California,USA,1,33.7879085,-117.855281
Orange Park,Florida,USA,1,30.1660736,-81.706484
Orangeville,Ontario,Canada,2,43.9155009,-80.1145014
Orchard Park,New York,USA,2,42.7675323,-78.7440921
Orono,Minnesota,USA,3,44.97135189999999,-93.6044033
Oslo,Norway,Norway,3,59.9138688,10.7522454
Osprey,Florida,USA,1,27.1961627,-82.4903748
Ostrava,Czech Republic,Czech Republic,2,49.8209226,18.2625243
Ottawa,Ontario,Canada,12,45.4200572,-75.7003397
Oulu,Finland,Finland,1,65.0120888,25.4650773
Outremont,Quebec,Canada,1,45.5175945,-73.6109554
Owatonna,Minnesota,USA,2,44.0879297,-93.2260184
Oxford,Michigan,USA,1,42.8247607,-83.2649576
Palm Beach Gardens,Florida,USA,1,26.8396096,-80.1019144
Palmer,Alaska,USA,1,61.599415,-149.1146333
Palos Heights,Illinois,USA,1,41.6680885,-87.7964416
Paoli,Pennsylvania,USA,1,40.0419021,-75.4876445
Parker,Colorado,USA,3,39.5186002,-104.7613633
Parkland,Florida,USA,1,26.3107774,-80.25322489999999
Pearl River,New York,USA,1,41.0589855,-74.0218063
Pendleton,New York,USA,1,43.0870018,-78.7278101
Penticton,British Columbia,Canada,1,49.4991381,-119.5937077
Peoria,Illinois,USA,1,40.6926929,-89.59277829999999
Perry Hall,Maryland,USA,1,39.4126073,-76.463574
Petawawa,Ontario,Canada,1,45.8983529,-77.28268620000001
Peterborough,Ontario,Canada,2,44.3047061,-78.3199606
Philadelphia,Pennsylvania,USA,6,39.9525839,-75.1652215
Phoenix,Arizona,USA,3,33.4482948,-112.0725488
Phoenixville,Pennsylvania,USA,1,40.1303822,-75.51491279999999
Pickering,Ontario,Canada,1,43.83841839999999,-79.086902
Pinckney,Michigan,USA,1,42.4567013,-83.9463358
Pittsboro,Indiana,USA,1,39.863832,-86.467061
Pittsburgh,Pennsylvania,USA,7,40.4386612,-79.99723519999999
Pittsford,New York,USA,2,43.0906186,-77.5149969
Plainfield,Illinois,USA,2,41.6125345,-88.2024208
Plainview,New York,USA,1,40.7764882,-73.4673454
Pleasantville,New York,USA,1,41.1333371,-73.7924152
Pleasantville,Ohio,USA,1,39.8097864,-82.5221031
Plymouth,Massachusetts,USA,1,41.9584457,-70.6672621
Plymouth,Michigan,USA,4,42.3714253,-83.4702132
Plymouth,Minnesota,USA,9,45.0105194,-93.4555093
Point Pleasant Beach,New Jersey,USA,1,40.0917532,-74.0497287
Point Roberts,Washington,USA,1,48.9883827,-123.0568693
Pointe-Claire,Quebec,Canada,1,45.4719655,-73.7990191
Pomfret,Connecticut,USA,1,41.8975977,-71.9625736
Pomona,New York,USA,1,41.1912507,-74.05644989999999
Ponoka,Alberta,Canada,1,52.6759035,-113.5833723
Poprad,Slovakia,Slovakia,2,49.0511221,20.295414
Port Coquitlam,British Columbia,Canada,1,49.2628382,-122.7810708
Port Hope,Ontario,Canada,1,43.9491764,-78.2934834
Port Huron,Michigan,USA,1,42.9708634,-82.42491419999999
Port McNeill,British Columbia,Canada,1,50.590044,-127.0863356
Port Moody,British Columbia,Canada,4,49.2849107,-122.8677562
Portage,Manitoba,Canada,1,49.97311269999999,-98.2924804
Portage la Prairie,Manitoba,Canada,1,49.97311269999999,-98.2924804
Potomac,Maryland,USA,1,39.0410256,-77.19253549999999
Potomac Falls,Virginia,USA,1,39.03652599999999,-77.4001943
Pottstown,Pennsylvania,USA,1,40.2453741,-75.6496302
Powell River,British Columbia,Canada,1,49.8352352,-124.5247062
Praha,Czech Republic,Czech Republic,5,50.0755381,14.4378005
Prince George,British Columbia,Canada,3,53.9170641,-122.7496693
Prince Rupert,British Columbia,Canada,1,54.3150367,-130.3208187
Princeton,Massachusetts,USA,1,42.4487019,-71.877296
Princeton,Minnesota,USA,1,45.569965,-93.58162779999999
Princeton,New Jersey,USA,1,40.3503931,-74.6571416
Prior Lake,Minnesota,USA,3,44.7132969,-93.4227274
Purchase,New York,USA,1,41.0400135,-73.7144477
Pyhäselkä,Finland,Finland,1,62.4326336,29.9694696
Quincy,Massachusetts,USA,1,42.2513961,-71.00237369999999
Quispamsis,New Brunswick,Canada,1,45.4321713,-65.9462583
Québec,Quebec,Canada,4,46.8130816,-71.20745959999999
Raleigh,North Carolina,USA,4,35.7795897,-78.6381787
Reading,Massachusetts,USA,1,42.5235564,-71.1029921
Red Bank,New Jersey,USA,1,40.3508977,-74.0702853
Red Deer,Alberta,Canada,5,52.2690328,-113.8114955
Redondo Beach,California,USA,1,33.8491816,-118.3884078
Redwood Meadows,Alberta,Canada,1,50.9876643,-114.5093159
Regina,Saskatchewan,Canada,1,50.4452112,-104.6188944
Reston,Virginia,USA,1,38.9586307,-77.35700279999999
Richfield,Minnesota,USA,1,44.8832982,-93.28300209999999
Richland,Washington,USA,1,46.28042000000001,-119.2751996
Richmond,British Columbia,Canada,7,49.1665898,-123.133569
Richmond,Ontario,Canada,1,45.1943631,-75.8388276
Richmond Hill,Ontario,Canada,5,43.8688079,-79.41371529999999
Ridge Meadows,British Columbia,Canada,1,49.2155103,-122.6300219
Ridgefield,Connecticut,USA,1,41.28406349999999,-73.4975412
Ridgewood,New Jersey,USA,1,40.9786143,-74.11321149999999
Riga,Latvia,Latvia,10,56.9676941,24.1056221
Riihimäki,Finland,Finland,1,60.7407537,24.7511362
River Falls,Wisconsin,USA,1,44.8596311,-92.62549659999999
River Forest,Illinois,USA,2,41.8939617,-87.81984779999999
Riverside,Connecticut,USA,2,41.0337666,-73.5784843
Riverside,Ontario,Canada,2,42.3254,-82.94894099999999
Riverview,New Brunswick,Canada,1,46.0521302,-64.8029894
Robbinsville,New Jersey,USA,1,40.2162271,-74.62011319999999
Rochester,Michigan,USA,1,42.680588,-83.1338214
Rochester,Minnesota,USA,4,44.0193287,-92.45883270000002
Rochester,New York,USA,6,43.15657789999999,-77.6088465
Rochester Hills,Michigan,USA,1,42.65836609999999,-83.1499322
Rockford,Minnesota,USA,1,45.0872861,-93.74150929999999
Rockland,Ontario,Canada,1,45.5483729,-75.2916118
Rockville,Maryland,USA,1,39.0839973,-77.1527578
Rockville Centre,New York,USA,1,40.65871380000001,-73.6412406
Rocky Point,New York,USA,1,40.9525987,-72.9253805
Rogers,Minnesota,USA,3,45.1878015,-93.5525206
Roseau,Minnesota,USA,3,48.8460926,-95.762766
Rosemount,Minnesota,USA,8,44.7394103,-93.12577230000001
Roseville,Minnesota,USA,1,45.0060767,-93.15661070000002
Roslyn,New York,USA,1,40.7998227,-73.6509622
Royal Oak,Michigan,USA,2,42.4894801,-83.1446485
Russell,Manitoba,Canada,2,50.7803696,-101.2849376
Sabile,Latvia,Latvia,1,57.0455148,22.572954
Sackville,New Brunswick,Canada,1,45.897903,-64.3682803
Sackville,Nova Scotia,Canada,1,44.7763767,-63.6775544
Saguenay,Quebec,Canada,1,48.4276054,-71.0600102
Saint John,New Brunswick,Canada,1,45.2733153,-66.0633081
Saint Petersburg,Russia,Russia,1,59.9310584,30.3609097
Saint-Michel,Quebec,Canada,1,45.2420859,-73.5763241
Salaberry-de-Valleyfield,Quebec,Canada,2,45.2500909,-74.1330862
Salt Lake City,Utah,USA,1,40.7605601,-111.8881397
Salzburg,Austria,Austria,1,47.8014154,13.0448441
San Diego,California,USA,5,32.715738,-117.1610838
San Francisco,California,USA,1,37.7749295,-122.4194155
San Jose,California,USA,7,37.33874,-121.8852525
Sandy Springs,Georgia,USA,1,33.9304352,-84.3733147
Sanford,Maine,USA,1,43.438809,-70.7750575
Santa Clarita,California,USA,1,34.3916641,-118.542586
Sartell,Minnesota,USA,3,45.6216318,-94.2069365
Saskatoon,Saskatchewan,Canada,11,52.157902,-106.6701577
Saugus,Massachusetts,USA,2,42.4582875,-71.02386229999999
Sault Ste. Marie,Michigan,USA,1,46.49771150000001,-84.3475876
Sault Ste. Marie,Ontario,Canada,3,46.5136494,-84.33575259999999
Savage,Minnesota,USA,2,44.7647329,-93.3591147
Scarborough,Ontario,Canada,2,43.7764258,-79.2317521
Scarsdale,New York,USA,1,41.0050977,-73.7845768
Scotch Plains,New Jersey,USA,1,40.6495254,-74.3966193
Scottsdale,Arizona,USA,5,33.4948764,-111.9216734
Seaforth,Ontario,Canada,1,43.5534346,-81.3934049
Seinäjoki,Finland,Finland,1,62.787735,22.8504337
Sewell,New Jersey,USA,1,39.7662167,-75.1441926
Shakopee,Minnesota,USA,1,44.7973962,-93.5272861
Sharon,Connecticut,USA,1,41.8793754,-73.4768697
Shavertown,Pennsylvania,USA,1,41.31994830000001,-75.9380482
Shelby Township,Michigan,USA,2,42.6841189,-83.03443659999999
Shelton,Connecticut,USA,1,41.3164856,-73.0931641
Sherborn,Massachusetts,USA,1,42.23898570000001,-71.3697813
Sherbrooke,Quebec,Canada,1,45.4042669,-71.89367399999999
Sherwood Park,Alberta,Canada,5,53.5412755,-113.2957634
Shoreview,Minnesota,USA,1,45.0791325,-93.14716670000001
Sigulda,Latvia,Latvia,1,57.15402899999999,24.8543364
Silver Spring,Maryland,USA,2,38.9960671,-77.0280731
Sioux Falls,South Dakota,USA,2,43.5460223,-96.731265
Skaneateles,New York,USA,3,42.947011,-76.42910169999999
Skellefteå,Sweden,Sweden,1,64.750244,20.950917
Skokie,Illinois,USA,1,42.0324025,-87.7416246
Smithtown,New York,USA,1,40.854906,-73.1954295
Soldotna,Alaska,USA,1,60.48638289999999,-151.0571796
Sollefteå,Sweden,Sweden,1,63.1654065,17.277135
South Bend,Indiana,USA,3,41.6763545,-86.25198979999999
South Burlington,Vermont,USA,2,44.4654257,-73.17718719999999
South Kingstown,Rhode Island,USA,1,41.4409399,-71.5022778
South Lyon,Michigan,USA,5,42.46059,-83.6516063
South Surrey,British Columbia,Canada,2,49.0600519,-122.7992015
Southboro,Massachusetts,USA,1,42.3056501,-71.5245087
Southborough,Massachusetts,USA,1,42.3056501,-71.5245087
Southey,Saskatchewan,Canada,1,50.9403537,-104.4988815
Southington,Connecticut,USA,2,41.5964869,-72.8776013
Spring City,Pennsylvania,USA,1,40.1767688,-75.5476876
Spring Lake,New Jersey,USA,1,40.1561625,-74.0271609
Springfield,Massachusetts,USA,1,42.1013104,-72.58927419999999
Springfield,Pennsylvania,USA,1,40.5280073,-75.30623260000002
Springfield,Virginia,USA,1,38.7892801,-77.18720359999999
St-Augustin-de-Desmaures,Quebec,Canada,1,46.747041,-71.459344
St-Basile-le-Grand,Quebec,Canada,1,45.5237547,-73.2832289
St-Bruno-de-Montarville,Quebec,Canada,2,45.5298901,-73.3453766
St-Eustache,Quebec,Canada,1,45.5585489,-73.89607520000001
St-François-de-Madawaska,New Brunswick,Canada,1,47.2479181,-68.7133532
St-Laurent,Quebec,Canada,1,45.5022961,-73.70606599999999
St-Odilon-de-Cranbourne,Quebec,Canada,1,46.3579079,-70.6763821
St-Pierre-les-Becquets,Quebec,Canada,1,46.4993973,-72.20196899999999
St. Albert,Alberta,Canada,7,53.6539037,-113.6292701
St. Catharines,Ontario,Canada,4,43.1599795,-79.2470299
St. Cloud,Minnesota,USA,5,45.5579451,-94.16324039999999
St. John,Indiana,USA,1,41.4500356,-87.4700381
St. John's,Newfoundland and Labrador,Canada,4,47.5556097,-52.7452511
St. Louis,Missouri,USA,14,38.62742799999999,-90.1982439
St. Louis Park,Minnesota,USA,1,44.9597376,-93.3702186
St. Michael,Minnesota,USA,3,45.209964,-93.6649642
St. Paul,Minnesota,USA,4,44.9537029,-93.0899578
St. Petersburg,Russia,Russia,2,59.9310584,30.3609097
Stacy,Minnesota,USA,1,45.3980205,-92.9874404
Stamford,Connecticut,USA,3,41.0527986,-73.5394821
Staten Island,New York,USA,2,40.6131714,-74.12141919999999
Ste-Brigitte-de-Laval,Quebec,Canada,1,47.002378,-71.1942119
Ste-Catherine,Quebec,Canada,1,45.39582,-73.5657429
Ste-Claire-de-Bellechasse,Quebec,Canada,1,46.6014767,-70.8656172
Ste-Martine,Quebec,Canada,1,45.2532382,-73.797663
Stevens Point,Wisconsin,USA,1,44.52357920000001,-89.574563
Stevenson Ranch,California,USA,1,34.3931105,-118.5907538
Stillwater,Minnesota,USA,3,45.056004,-92.80884429999999
Stillwater Lake,Nova Scotia,Canada,1,44.6966255,-63.8286727
Stockholm,Sweden,Sweden,15,59.3327036,18.0656255
Stoney Creek,Ontario,Canada,2,43.2272182,-79.7195586
Stony Plain,Alberta,Canada,1,53.5291419,-114.0018178
Stratford,Ontario,Canada,2,43.3700007,-80.98222860000001
Stratham,New Hampshire,USA,1,43.0228677,-70.9163873
Strathcona,Alberta,Canada,1,53.53267760000001,-113.1553199
Strathmore,Alberta,Canada,1,51.037741,-113.4003335
Strongsville,Ohio,USA,2,41.3144966,-81.83569
Stuart,Florida,USA,1,27.197548,-80.2528257
Suamico,Wisconsin,USA,1,44.6319369,-88.0392708
Sudbury,Massachusetts,USA,1,42.3834278,-71.4161725
Sudbury,Ontario,Canada,2,46.4917317,-80.99302899999999
Summerside,Prince Edward Island,Canada,1,46.39337769999999,-63.79023309999999
Summit,New Jersey,USA,1,40.7181631,-74.3562298
Sundsvall,Sweden,Sweden,2,62.390811,17.306927
Sunnyvale,California,USA,1,37.36883,-122.0363496
Superior,Wisconsin,USA,1,46.7207737,-92.10407959999999
Surrey,British Columbia,Canada,9,49.1913466,-122.8490125
Sussex,Wisconsin,USA,1,43.1336141,-88.2095451
Sylvania,Ohio,USA,2,41.7189392,-83.7129935
Syracuse,New York,USA,3,43.0494832,-76.14739770000001
Székesfehérvár,Hungary,Hungary,1,47.18602620000001,18.4221358
Talsi,Latvia,Latvia,1,57.2459565,22.5853997
Tampa,Florida,USA,1,27.9516896,-82.45875269999999
Tawas City,Michigan,USA,1,44.26946119999999,-83.5146973
Tecumseh,Ontario,Canada,1,42.3117966,-82.8857592
Terrebonne,Quebec,Canada,2,45.6929818,-73.63311019999999
Tewksbury,Massachusetts,USA,1,42.6106478,-71.23422479999999
Thief River Falls,Minnesota,USA,1,48.1191353,-96.18114729999999
Thompson,Manitoba,Canada,1,55.7451003,-97.8509232
Thornhill,Ontario,Canada,1,43.8142552,-79.424025
Thorofare,New Jersey,USA,1,39.8422093,-75.19693459999999
Thousand Oaks,California,USA,1,34.1761133,-118.8487793
Thunder Bay,Ontario,Canada,2,48.3808951,-89.2476823
Tidaholm,Sweden,Sweden,1,58.1817692,13.9594737
Tinton Falls,New Jersey,USA,1,40.2987771,-74.0955271
Tisdale,Saskatchewan,Canada,1,52.8473958,-104.0489835
Toledo,Ohio,USA,1,41.6528052,-83.5378674
Tomakomai,JPN,JPN,1,42.63124639999999,141.6031222
Tonawanda,New York,USA,1,43.0203347,-78.880315
Toronto,Ontario,Canada,34,43.653226,-79.3831843
Torrance,California,USA,1,33.8369217,-118.3407451
Trail,British Columbia,Canada,1,49.0965676,-117.7117301
Traverse City,Michigan,USA,4,44.7628849,-85.6210036
Trencin,Slovakia,Slovakia,1,48.884936,18.0335209
Trenton,Michigan,USA,2,42.1394858,-83.1782587
Trois-Rivières,Quebec,Canada,4,46.34298200000001,-72.5420716
Tsawwassen,British Columbia,Canada,1,49.018038,-123.0818253
Tully,New York,USA,1,42.7981229,-76.1093695
Tulsa,Okla.,USA,1,36.1551375,-95.98950099999999
Täby,Sweden,Sweden,1,59.4419,18.0703299
Upper Arlington,Ohio,USA,1,40.0252111,-83.0574468
Upper Saddle River,New Jersey,USA,2,41.0584387,-74.09834699999999
Urbandale,Iowa,USA,1,41.6293984,-93.76074109999999
Uusikaarlepyy,Finland,Finland,1,63.5217598,22.5303558
Uxbridge,Ontario,Canada,1,44.10940280000001,-79.12049979999999
Val-d'Or,Quebec,Canada,1,48.0987106,-77.7967676
Valencia,California,USA,1,34.419837,-118.5627013
Vallée-Jonction,Quebec,Canada,1,46.37758609999999,-70.9232928
Valrico,Florida,USA,1,27.9462615,-82.2420317
Vancouver,British Columbia,Canada,10,49.2827291,-123.1207375
Vantaa,Finland,Finland,2,60.29335239999999,25.0377686
Vaughan,Ontario,Canada,1,43.82622809999999,-79.5561668
Verona,Wisconsin,USA,2,42.990831,-89.53317729999999
Victoria,British Columbia,Canada,9,48.4284207,-123.3656444
Victoriaville,Quebec,Canada,2,46.0556724,-71.95895589999999
Vienna,Virginia,USA,1,38.9012225,-77.2652604
Villach,Austria,Austria,1,46.6084959,13.8506159
Villanova,Pennsylvania,USA,1,40.0359801,-75.34920869999999
Virden,Manitoba,Canada,1,49.8572413,-100.92197
Virgil,Ontario,Canada,1,43.2196469,-79.1214455
Wainwright,Alberta,Canada,1,52.8431123,-110.8504203
Wake Forest,North Carolina,USA,1,35.9798734,-78.50972279999999
Waldwick,New Jersey,USA,1,41.0112292,-74.11988319999999
Walnut Creek,California,USA,1,37.9100783,-122.0651819
Waltham,Massachusetts,USA,1,42.3764358,-71.23575009999999
Warman,Saskatchewan,Canada,1,52.3183662,-106.5750747
Warren,Manitoba,Canada,1,50.1311413,-97.55077709999999
Warroad,Minnesota,USA,4,48.9052657,-95.31440409999999
Warwick,Rhode Island,USA,1,41.7001009,-71.4161671
Washington,D.C.,USA,1,38.9071923,-77.0368707
Washington,Michigan,USA,1,42.757478,-83.0180034
Wasilla,Alaska,USA,1,61.58087629999999,-149.4410597
Waterdown,Ontario,Canada,1,43.3247102,-79.90303709999999
Waterloo,Ontario,Canada,2,43.4642578,-80.5204096
Watertown,Massachusetts,USA,1,42.3709299,-71.1828321
Waukesha,Wisconsin,USA,1,43.0107836,-88.2291729
Waupaca,Wisconsin,USA,1,44.3580348,-89.0859464
Wausau,Wisconsin,USA,1,44.9591352,-89.6301221
Wayland,Massachusetts,USA,1,42.3625953,-71.3614484
Wayne,Illinois,USA,1,41.9508336,-88.242369
Wayne,New Jersey,USA,1,40.948903,-74.273578
Wayzata,Minnesota,USA,2,44.97413,-93.5066217
Weare,New Hampshire,USA,1,43.0948033,-71.7306313
West Bloomfield,Michigan,USA,1,42.5575353,-83.36136619999999
West Chester,Pennsylvania,USA,1,39.959884,-75.6062135
West Haven,Connecticut,USA,1,41.2723527,-72.94981290000001
West Mifflin,Pennsylvania,USA,1,40.3634026,-79.86643749999999
West Orange,New Jersey,USA,1,40.7882429,-74.2562099
West St. Paul,Manitoba,Canada,1,50.0277353,-97.10536379999999
West St. Paul,Minnesota,USA,1,44.9160768,-93.10160739999999
West Vancouver,British Columbia,Canada,4,49.3286251,-123.1601981
Westborough,Massachusetts,USA,1,42.2694066,-71.6133569
Westbrook,Maine,USA,1,43.6770252,-70.3711617
Westchester,New York,USA,1,41.1220194,-73.7948516
Westerville,Ohio,USA,1,40.1266689,-82.9318807
Westfield,Indiana,USA,1,40.0427376,-86.1277491
Westford,Massachusetts,USA,1,42.5811425,-71.4395267
Weston,Massachusetts,USA,4,42.3667625,-71.3031132
Westport,Connecticut,USA,1,41.14143809999999,-73.3580987
Westwood,Massachusetts,USA,2,42.21398730000001,-71.2244987
Wexford,Pennsylvania,USA,2,40.6334426,-80.0594801
Weyburn,Saskatchewan,Canada,2,49.6632836,-103.8532906
Wheatfield,New York,USA,1,43.086889,-78.8895479
Wheaton,Illinois,USA,1,41.8661403,-88.1070127
Whistler,British Columbia,Canada,1,50.11616859999999,-122.9535117
Whitby,Ontario,Canada,2,43.8997643,-78.9400809
White Bear Lake,Minnesota,USA,4,45.0502625,-93.015351
White Lake,Michigan,USA,1,42.6561459,-83.4749162
White Lake Township,Michigan,USA,1,42.6561459,-83.4749162
White Rock,British Columbia,Canada,4,49.0253085,-122.802962
Whitecourt,Alberta,Canada,1,54.1425199,-115.6766396
Whitehorse,Yukon,Canada,3,60.7197137,-135.0522761
Williamsville,New York,USA,2,42.963947,-78.73780909999999
Wilmette,Illinois,USA,2,42.0722513,-87.7228384
Wilmington,Delaware,USA,1,39.744655,-75.5483909
Wilmington,Massachusetts,USA,2,42.5481714,-71.1724467
Wilton,Connecticut,USA,1,41.1953739,-73.4378988
Windermere,Florida,USA,1,28.4955593,-81.53479519999999
Windham,New Hampshire,USA,2,42.80719269999999,-71.2644119
Windsor,Colorado,USA,1,40.4774818,-104.9013617
Windsor,Ontario,Canada,5,42.3141129,-83.03675059999999
Winkler,Manitoba,Canada,2,49.18021969999999,-97.93911729999999
Winnetka,Illinois,USA,1,42.10808340000001,-87.735895
Winnipeg,Manitoba,Canada,10,49.8954221,-97.1385145
Wolverine,Michigan,USA,1,45.2731392,-84.6036824
Woodbridge,Ontario,Canada,6,43.7761753,-79.60924299999999
Woodbury,Minnesota,USA,7,44.9238552,-92.9593797
Woodcliff Lake,New Jersey,USA,1,41.02075869999999,-74.04950099999999
Woodhaven,Michigan,USA,1,42.1389839,-83.24179939999999
Worcester,Massachusetts,USA,1,42.2628113,-71.80249309999999
Yorba Linda,California,USA,3,33.88850350000001,-117.8132571
Yorktown Heights,New York,USA,1,41.2709274,-73.7776336
Zagreb,Croatia,Croatia,1,45.8150108,15.981919
Zilina,Slovakia,Slovakia,1,49.21944980000001,18.7408001
Zionsville,Indiana,USA,1,39.9500433,-86.27889479999999
Örebro,Sweden,Sweden,1,59.2752626,15.2134105
